<?xml version="1.0" encoding="UTF-8"?><Play>
    <act title="ACT I">
        <scene title="SCENE I.  Elsinore. A platform before the castle."/>
        <scene title="SCENE II.  A room of state in the castle.">
            <speech id="1" speaker="KING CLAUDIUS">
                <line>Though yet of Hamlet our dear brother's death</line>
                <line>The memory be green, and that it us befitted</line>
                <line>To bear our hearts in grief and our whole kingdom</line>
                <line>To be contracted in one brow of woe,</line>
                <line>Yet so far hath discretion fought with nature</line>
                <line>That we with wisest sorrow think on him,</line>
                <line>Together with remembrance of ourselves.</line>
                <line>Therefore our sometime sister, now our queen,</line>
                <line>The imperial jointress to this warlike state,</line>
                <line>Have we, as 'twere with a defeated joy,--</line>
                <line>With an auspicious and a dropping eye,</line>
                <line>With mirth in funeral and with dirge in marriage,</line>
                <line>In equal scale weighing delight and dole,--</line>
                <line>Taken to wife: nor have we herein barr'd</line>
                <line>Your better wisdoms, which have freely gone</line>
                <line>With this affair along. For all, our thanks.</line>
                <line>Now follows, that you know, young Fortinbras,</line>
                <line>Holding a weak supposal of our worth,</line>
                <line>Or thinking by our late dear brother's death</line>
                <line>Our state to be disjoint and out of frame,</line>
                <line>Colleagued with the dream of his advantage,</line>
                <line>He hath not fail'd to pester us with message,</line>
                <line>Importing the surrender of those lands</line>
                <line>Lost by his father, with all bonds of law,</line>
                <line>To our most valiant brother. So much for him.</line>
                <line>Now for ourself and for this time of meeting:</line>
                <line>Thus much the business is: we have here writ</line>
                <line>To Norway, uncle of young Fortinbras,--</line>
                <line>Who, impotent and bed-rid, scarcely hears</line>
                <line>Of this his nephew's purpose,--to suppress</line>
                <line>His further gait herein; in that the levies,</line>
                <line>The lists and full proportions, are all made</line>
                <line>Out of his subject: and we here dispatch</line>
                <line>You, good Cornelius, and you, Voltimand,</line>
                <line>For bearers of this greeting to old Norway;</line>
                <line>Giving to you no further personal power</line>
                <line>To business with the king, more than the scope</line>
                <line>Of these delated articles allow.</line>
                <line>Farewell, and let your haste commend your duty.</line>
            </speech>
            <speech id="2" speaker="KING CLAUDIUS">
                <line>We doubt it nothing: heartily farewell.</line>
                <line>And now, Laertes, what's the news with you?</line>
                <line>You told us of some suit; what is't, Laertes?</line>
                <line>You cannot speak of reason to the Dane,</line>
                <line>And loose your voice: what wouldst thou beg, Laertes,</line>
                <line>That shall not be my offer, not thy asking?</line>
                <line>The head is not more native to the heart,</line>
                <line>The hand more instrumental to the mouth,</line>
                <line>Than is the throne of Denmark to thy father.</line>
                <line>What wouldst thou have, Laertes?</line>
            </speech>
            <speech id="3" speaker="KING CLAUDIUS">
                <line>Have you your father's leave? What says Polonius?</line>
            </speech>
            <speech id="4" speaker="KING CLAUDIUS">
                <line>Take thy fair hour, Laertes; time be thine,</line>
                <line>And thy best graces spend it at thy will!</line>
                <line>But now, my cousin Hamlet, and my son,--</line>
            </speech>
            <speech id="5" speaker="KING CLAUDIUS">
                <line>How is it that the clouds still hang on you?</line>
            </speech>
            <speech id="6" speaker="KING CLAUDIUS">
                <line>'Tis sweet and commendable in your nature, Hamlet,</line>
                <line>To give these mourning duties to your father:</line>
                <line>But, you must know, your father lost a father;</line>
                <line>That father lost, lost his, and the survivor bound</line>
                <line>In filial obligation for some term</line>
                <line>To do obsequious sorrow: but to persever</line>
                <line>In obstinate condolement is a course</line>
                <line>Of impious stubbornness; 'tis unmanly grief;</line>
                <line>It shows a will most incorrect to heaven,</line>
                <line>A heart unfortified, a mind impatient,</line>
                <line>An understanding simple and unschool'd:</line>
                <line>For what we know must be and is as common</line>
                <line>As any the most vulgar thing to sense,</line>
                <line>Why should we in our peevish opposition</line>
                <line>Take it to heart? Fie! 'tis a fault to heaven,</line>
                <line>A fault against the dead, a fault to nature,</line>
                <line>To reason most absurd: whose common theme</line>
                <line>Is death of fathers, and who still hath cried,</line>
                <line>From the first corse till he that died to-day,</line>
                <line>'This must be so.' We pray you, throw to earth</line>
                <line>This unprevailing woe, and think of us</line>
                <line>As of a father: for let the world take note,</line>
                <line>You are the most immediate to our throne;</line>
                <line>And with no less nobility of love</line>
                <line>Than that which dearest father bears his son,</line>
                <line>Do I impart toward you. For your intent</line>
                <line>In going back to school in Wittenberg,</line>
                <line>It is most retrograde to our desire:</line>
                <line>And we beseech you, bend you to remain</line>
                <line>Here, in the cheer and comfort of our eye,</line>
                <line>Our chiefest courtier, cousin, and our son.</line>
            </speech>
            <speech id="7" speaker="KING CLAUDIUS">
                <line>Why, 'tis a loving and a fair reply:</line>
                <line>Be as ourself in Denmark. Madam, come;</line>
                <line>This gentle and unforced accord of Hamlet</line>
                <line>Sits smiling to my heart: in grace whereof,</line>
                <line>No jocund health that Denmark drinks to-day,</line>
                <line>But the great cannon to the clouds shall tell,</line>
                <line>And the king's rouse the heavens all bruit again,</line>
                <line>Re-speaking earthly thunder. Come away.</line>
            </speech>
        </scene>
        <scene title="SCENE III.  A room in Polonius' house."/>
        <scene title="SCENE IV.  The platform."/>
        <scene title="SCENE V.  Another part of the platform."/>
    </act>
    <act title="ACT II">
        <scene title="SCENE I.  A room in POLONIUS' house."/>
        <scene title="SCENE II.  A room in the castle.">
            <speech id="1" speaker="KING CLAUDIUS">
                <line>Welcome, dear Rosencrantz and Guildenstern!</line>
                <line>Moreover that we much did long to see you,</line>
                <line>The need we have to use you did provoke</line>
                <line>Our hasty sending. Something have you heard</line>
                <line>Of Hamlet's transformation; so call it,</line>
                <line>Sith nor the exterior nor the inward man</line>
                <line>Resembles that it was. What it should be,</line>
                <line>More than his father's death, that thus hath put him</line>
                <line>So much from the understanding of himself,</line>
                <line>I cannot dream of: I entreat you both,</line>
                <line>That, being of so young days brought up with him,</line>
                <line>And sith so neighbour'd to his youth and havior,</line>
                <line>That you vouchsafe your rest here in our court</line>
                <line>Some little time: so by your companies</line>
                <line>To draw him on to pleasures, and to gather,</line>
                <line>So much as from occasion you may glean,</line>
                <line>Whether aught, to us unknown, afflicts him thus,</line>
                <line>That, open'd, lies within our remedy.</line>
            </speech>
            <speech id="2" speaker="KING CLAUDIUS">
                <line>Thanks, Rosencrantz and gentle Guildenstern.</line>
            </speech>
            <speech id="3" speaker="KING CLAUDIUS">
                <line>Thou still hast been the father of good news.</line>
            </speech>
            <speech id="4" speaker="KING CLAUDIUS">
                <line>O, speak of that; that do I long to hear.</line>
            </speech>
            <speech id="5" speaker="KING CLAUDIUS">
                <line>Thyself do grace to them, and bring them in.</line>
                <line>He tells me, my dear Gertrude, he hath found</line>
                <line>The head and source of all your son's distemper.</line>
            </speech>
            <speech id="6" speaker="KING CLAUDIUS">
                <line>Well, we shall sift him.</line>
                <line>Welcome, my good friends!</line>
                <line>Say, Voltimand, what from our brother Norway?</line>
            </speech>
            <speech id="7" speaker="KING CLAUDIUS">
                <line>It likes us well;</line>
                <line>And at our more consider'd time well read,</line>
                <line>Answer, and think upon this business.</line>
                <line>Meantime we thank you for your well-took labour:</line>
                <line>Go to your rest; at night we'll feast together:</line>
                <line>Most welcome home!</line>
            </speech>
            <speech id="8" speaker="KING CLAUDIUS">
                <line>But how hath she</line>
                <line>Received his love?</line>
            </speech>
            <speech id="9" speaker="KING CLAUDIUS">
                <line>As of a man faithful and honourable.</line>
            </speech>
            <speech id="10" speaker="KING CLAUDIUS">
                <line>Do you think 'tis this?</line>
            </speech>
            <speech id="11" speaker="KING CLAUDIUS">
                <line>Not that I know.</line>
            </speech>
            <speech id="12" speaker="KING CLAUDIUS">
                <line>How may we try it further?</line>
            </speech>
            <speech id="13" speaker="KING CLAUDIUS">
                <line>We will try it.</line>
            </speech>
        </scene>
    </act>
    <act title="ACT III">
        <scene title="SCENE I.  A room in the castle.">
            <speech id="1" speaker="KING CLAUDIUS">
                <line>And can you, by no drift of circumstance,</line>
                <line>Get from him why he puts on this confusion,</line>
                <line>Grating so harshly all his days of quiet</line>
                <line>With turbulent and dangerous lunacy?</line>
            </speech>
            <speech id="2" speaker="KING CLAUDIUS">
                <line>With all my heart; and it doth much content me</line>
                <line>To hear him so inclined.</line>
                <line>Good gentlemen, give him a further edge,</line>
                <line>And drive his purpose on to these delights.</line>
            </speech>
            <speech id="3" speaker="KING CLAUDIUS">
                <line>Sweet Gertrude, leave us too;</line>
                <line>For we have closely sent for Hamlet hither,</line>
                <line>That he, as 'twere by accident, may here</line>
                <line>Affront Ophelia:</line>
                <line>Her father and myself, lawful espials,</line>
                <line>Will so bestow ourselves that, seeing, unseen,</line>
                <line>We may of their encounter frankly judge,</line>
                <line>And gather by him, as he is behaved,</line>
                <line>If 't be the affliction of his love or no</line>
                <line>That thus he suffers for.</line>
            </speech>
            <speech id="4" speaker="KING CLAUDIUS">
                <line>Aside          O, 'tis too true!</line>
                <line>How smart a lash that speech doth give my conscience!</line>
                <line>The harlot's cheek, beautied with plastering art,</line>
                <line>Is not more ugly to the thing that helps it</line>
                <line>Than is my deed to my most painted word:</line>
                <line>O heavy burthen!</line>
            </speech>
            <speech id="5" speaker="KING CLAUDIUS">
                <line>Love! his affections do not that way tend;</line>
                <line>Nor what he spake, though it lack'd form a little,</line>
                <line>Was not like madness. There's something in his soul,</line>
                <line>O'er which his melancholy sits on brood;</line>
                <line>And I do doubt the hatch and the disclose</line>
                <line>Will be some danger: which for to prevent,</line>
                <line>I have in quick determination</line>
                <line>Thus set it down: he shall with speed to England,</line>
                <line>For the demand of our neglected tribute</line>
                <line>Haply the seas and countries different</line>
                <line>With variable objects shall expel</line>
                <line>This something-settled matter in his heart,</line>
                <line>Whereon his brains still beating puts him thus</line>
                <line>From fashion of himself. What think you on't?</line>
            </speech>
            <speech id="6" speaker="KING CLAUDIUS">
                <line>It shall be so:</line>
                <line>Madness in great ones must not unwatch'd go.</line>
            </speech>
        </scene>
        <scene title="SCENE II.  A hall in the castle.">
            <speech id="1" speaker="KING CLAUDIUS">
                <line>How fares our cousin Hamlet?</line>
            </speech>
            <speech id="2" speaker="KING CLAUDIUS">
                <line>I have nothing with this answer, Hamlet; these words</line>
                <line>are not mine.</line>
            </speech>
            <speech id="3" speaker="KING CLAUDIUS">
                <line>Have you heard the argument? Is there no offence in 't?</line>
            </speech>
            <speech id="4" speaker="KING CLAUDIUS">
                <line>What do you call the play?</line>
            </speech>
            <speech id="5" speaker="KING CLAUDIUS">
                <line>Give me some light: away!</line>
            </speech>
        </scene>
        <scene title="SCENE III.  A room in the castle.">
            <speech id="1" speaker="KING CLAUDIUS">
                <line>I like him not, nor stands it safe with us</line>
                <line>To let his madness range. Therefore prepare you;</line>
                <line>I your commission will forthwith dispatch,</line>
                <line>And he to England shall along with you:</line>
                <line>The terms of our estate may not endure</line>
                <line>Hazard so dangerous as doth hourly grow</line>
                <line>Out of his lunacies.</line>
            </speech>
            <speech id="2" speaker="KING CLAUDIUS">
                <line>Arm you, I pray you, to this speedy voyage;</line>
                <line>For we will fetters put upon this fear,</line>
                <line>Which now goes too free-footed.</line>
            </speech>
            <speech id="3" speaker="KING CLAUDIUS">
                <line>Thanks, dear my lord.</line>
                <line>O, my offence is rank it smells to heaven;</line>
                <line>It hath the primal eldest curse upon't,</line>
                <line>A brother's murder. Pray can I not,</line>
                <line>Though inclination be as sharp as will:</line>
                <line>My stronger guilt defeats my strong intent;</line>
                <line>And, like a man to double business bound,</line>
                <line>I stand in pause where I shall first begin,</line>
                <line>And both neglect. What if this cursed hand</line>
                <line>Were thicker than itself with brother's blood,</line>
                <line>Is there not rain enough in the sweet heavens</line>
                <line>To wash it white as snow? Whereto serves mercy</line>
                <line>But to confront the visage of offence?</line>
                <line>And what's in prayer but this two-fold force,</line>
                <line>To be forestalled ere we come to fall,</line>
                <line>Or pardon'd being down? Then I'll look up;</line>
                <line>My fault is past. But, O, what form of prayer</line>
                <line>Can serve my turn? 'Forgive me my foul murder'?</line>
                <line>That cannot be; since I am still possess'd</line>
                <line>Of those effects for which I did the murder,</line>
                <line>My crown, mine own ambition and my queen.</line>
                <line>May one be pardon'd and retain the offence?</line>
                <line>In the corrupted currents of this world</line>
                <line>Offence's gilded hand may shove by justice,</line>
                <line>And oft 'tis seen the wicked prize itself</line>
                <line>Buys out the law: but 'tis not so above;</line>
                <line>There is no shuffling, there the action lies</line>
                <line>In his true nature; and we ourselves compell'd,</line>
                <line>Even to the teeth and forehead of our faults,</line>
                <line>To give in evidence. What then? what rests?</line>
                <line>Try what repentance can: what can it not?</line>
                <line>Yet what can it when one can not repent?</line>
                <line>O wretched state! O bosom black as death!</line>
                <line>O limed soul, that, struggling to be free,</line>
                <line>Art more engaged! Help, angels! Make assay!</line>
                <line>Bow, stubborn knees; and, heart with strings of steel,</line>
                <line>Be soft as sinews of the newborn babe!</line>
                <line>All may be well.</line>
            </speech>
            <speech id="4" speaker="KING CLAUDIUS">
                <line>Rising  My words fly up, my thoughts remain below:</line>
                <line>Words without thoughts never to heaven go.</line>
            </speech>
        </scene>
        <scene title="SCENE IV.  The Queen's closet."/>
    </act>
    <act title="ACT IV">
        <scene title="SCENE I.  A room in the castle.">
            <speech id="1" speaker="KING CLAUDIUS">
                <line>There's matter in these sighs, these profound heaves:</line>
                <line>You must translate: 'tis fit we understand them.</line>
                <line>Where is your son?</line>
            </speech>
            <speech id="2" speaker="KING CLAUDIUS">
                <line>What, Gertrude? How does Hamlet?</line>
            </speech>
            <speech id="3" speaker="KING CLAUDIUS">
                <line>O heavy deed!</line>
                <line>It had been so with us, had we been there:</line>
                <line>His liberty is full of threats to all;</line>
                <line>To you yourself, to us, to every one.</line>
                <line>Alas, how shall this bloody deed be answer'd?</line>
                <line>It will be laid to us, whose providence</line>
                <line>Should have kept short, restrain'd and out of haunt,</line>
                <line>This mad young man: but so much was our love,</line>
                <line>We would not understand what was most fit;</line>
                <line>But, like the owner of a foul disease,</line>
                <line>To keep it from divulging, let it feed</line>
                <line>Even on the pith of Life. Where is he gone?</line>
            </speech>
            <speech id="4" speaker="KING CLAUDIUS">
                <line>O Gertrude, come away!</line>
                <line>The sun no sooner shall the mountains touch,</line>
                <line>But we will ship him hence: and this vile deed</line>
                <line>We must, with all our majesty and skill,</line>
                <line>Both countenance and excuse. Ho, Guildenstern!</line>
                <line>Friends both, go join you with some further aid:</line>
                <line>Hamlet in madness hath Polonius slain,</line>
                <line>And from his mother's closet hath he dragg'd him:</line>
                <line>Go seek him out; speak fair, and bring the body</line>
                <line>Into the chapel. I pray you, haste in this.</line>
                <line>Come, Gertrude, we'll call up our wisest friends;</line>
                <line>And let them know, both what we mean to do,</line>
                <line>And what's untimely done...</line>
                <line>Whose whisper o'er the world's diameter,</line>
                <line>As level as the cannon to his blank,</line>
                <line>Transports his poison'd shot, may miss our name,</line>
                <line>And hit the woundless air. O, come away!</line>
                <line>My soul is full of discord and dismay.</line>
            </speech>
        </scene>
        <scene title="SCENE II.  Another room in the castle."/>
        <scene title="SCENE III.  Another room in the castle.">
            <speech id="1" speaker="KING CLAUDIUS">
                <line>I have sent to seek him, and to find the body.</line>
                <line>How dangerous is it that this man goes loose!</line>
                <line>Yet must not we put the strong law on him:</line>
                <line>He's loved of the distracted multitude,</line>
                <line>Who like not in their judgment, but their eyes;</line>
                <line>And where tis so, the offender's scourge is weigh'd,</line>
                <line>But never the offence. To bear all smooth and even,</line>
                <line>This sudden sending him away must seem</line>
                <line>Deliberate pause: diseases desperate grown</line>
                <line>By desperate appliance are relieved,</line>
                <line>Or not at all.</line>
                <line>How now! what hath befall'n?</line>
            </speech>
            <speech id="2" speaker="KING CLAUDIUS">
                <line>But where is he?</line>
            </speech>
            <speech id="3" speaker="KING CLAUDIUS">
                <line>Bring him before us.</line>
            </speech>
            <speech id="4" speaker="KING CLAUDIUS">
                <line>Now, Hamlet, where's Polonius?</line>
            </speech>
            <speech id="5" speaker="KING CLAUDIUS">
                <line>At supper! where?</line>
            </speech>
            <speech id="6" speaker="KING CLAUDIUS">
                <line>Alas, alas!</line>
            </speech>
            <speech id="7" speaker="KING CLAUDIUS">
                <line>What dost you mean by this?</line>
            </speech>
            <speech id="8" speaker="KING CLAUDIUS">
                <line>Where is Polonius?</line>
            </speech>
            <speech id="9" speaker="KING CLAUDIUS">
                <line>Go seek him there.</line>
            </speech>
            <speech id="10" speaker="KING CLAUDIUS">
                <line>Hamlet, this deed, for thine especial safety,--</line>
                <line>Which we do tender, as we dearly grieve</line>
                <line>For that which thou hast done,--must send thee hence</line>
                <line>With fiery quickness: therefore prepare thyself;</line>
                <line>The bark is ready, and the wind at help,</line>
                <line>The associates tend, and every thing is bent</line>
                <line>For England.</line>
            </speech>
            <speech id="11" speaker="KING CLAUDIUS">
                <line>Ay, Hamlet.</line>
            </speech>
            <speech id="12" speaker="KING CLAUDIUS">
                <line>So is it, if thou knew'st our purposes.</line>
            </speech>
            <speech id="13" speaker="KING CLAUDIUS">
                <line>Thy loving father, Hamlet.</line>
            </speech>
            <speech id="14" speaker="KING CLAUDIUS">
                <line>Follow him at foot; tempt him with speed aboard;</line>
                <line>Delay it not; I'll have him hence to-night:</line>
                <line>Away! for every thing is seal'd and done</line>
                <line>That else leans on the affair: pray you, make haste.</line>
                <line>And, England, if my love thou hold'st at aught--</line>
                <line>As my great power thereof may give thee sense,</line>
                <line>Since yet thy cicatrice looks raw and red</line>
                <line>After the Danish sword, and thy free awe</line>
                <line>Pays homage to us--thou mayst not coldly set</line>
                <line>Our sovereign process; which imports at full,</line>
                <line>By letters congruing to that effect,</line>
                <line>The present death of Hamlet. Do it, England;</line>
                <line>For like the hectic in my blood he rages,</line>
                <line>And thou must cure me: till I know 'tis done,</line>
                <line>Howe'er my haps, my joys were ne'er begun.</line>
            </speech>
        </scene>
        <scene title="SCENE IV.  A plain in Denmark."/>
        <scene title="SCENE V.  Elsinore. A room in the castle.">
            <speech id="1" speaker="KING CLAUDIUS">
                <line>How do you, pretty lady?</line>
            </speech>
            <speech id="2" speaker="KING CLAUDIUS">
                <line>Conceit upon her father.</line>
            </speech>
            <speech id="3" speaker="KING CLAUDIUS">
                <line>Pretty Ophelia!</line>
            </speech>
            <speech id="4" speaker="KING CLAUDIUS">
                <line>How long hath she been thus?</line>
            </speech>
            <speech id="5" speaker="KING CLAUDIUS">
                <line>Follow her close; give her good watch,</line>
                <line>I pray you.</line>
                <line>O, this is the poison of deep grief; it springs</line>
                <line>All from her father's death. O Gertrude, Gertrude,</line>
                <line>When sorrows come, they come not single spies</line>
                <line>But in battalions. First, her father slain:</line>
                <line>Next, your son gone; and he most violent author</line>
                <line>Of his own just remove: the people muddied,</line>
                <line>Thick and unwholesome in their thoughts and whispers,</line>
                <line>For good Polonius' death; and we have done but greenly,</line>
                <line>In hugger-mugger to inter him: poor Ophelia</line>
                <line>Divided from herself and her fair judgment,</line>
                <line>Without the which we are pictures, or mere beasts:</line>
                <line>Last, and as much containing as all these,</line>
                <line>Her brother is in secret come from France;</line>
                <line>Feeds on his wonder, keeps himself in clouds,</line>
                <line>And wants not buzzers to infect his ear</line>
                <line>With pestilent speeches of his father's death;</line>
                <line>Wherein necessity, of matter beggar'd,</line>
                <line>Will nothing stick our person to arraign</line>
                <line>In ear and ear. O my dear Gertrude, this,</line>
                <line>Like to a murdering-piece, in many places</line>
                <line>Gives me superfluous death.</line>
            </speech>
            <speech id="6" speaker="KING CLAUDIUS">
                <line>Where are my Switzers? Let them guard the door.</line>
                <line>What is the matter?</line>
            </speech>
            <speech id="7" speaker="KING CLAUDIUS">
                <line>The doors are broke.</line>
            </speech>
            <speech id="8" speaker="KING CLAUDIUS">
                <line>What is the cause, Laertes,</line>
                <line>That thy rebellion looks so giant-like?</line>
                <line>Let him go, Gertrude; do not fear our person:</line>
                <line>There's such divinity doth hedge a king,</line>
                <line>That treason can but peep to what it would,</line>
                <line>Acts little of his will. Tell me, Laertes,</line>
                <line>Why thou art thus incensed. Let him go, Gertrude.</line>
                <line>Speak, man.</line>
            </speech>
            <speech id="9" speaker="KING CLAUDIUS">
                <line>Dead.</line>
            </speech>
            <speech id="10" speaker="KING CLAUDIUS">
                <line>Let him demand his fill.</line>
            </speech>
            <speech id="11" speaker="KING CLAUDIUS">
                <line>Who shall stay you?</line>
            </speech>
            <speech id="12" speaker="KING CLAUDIUS">
                <line>Good Laertes,</line>
                <line>If you desire to know the certainty</line>
                <line>Of your dear father's death, is't writ in your revenge,</line>
                <line>That, swoopstake, you will draw both friend and foe,</line>
                <line>Winner and loser?</line>
            </speech>
            <speech id="13" speaker="KING CLAUDIUS">
                <line>Will you know them then?</line>
            </speech>
            <speech id="14" speaker="KING CLAUDIUS">
                <line>Why, now you speak</line>
                <line>Like a good child and a true gentleman.</line>
                <line>That I am guiltless of your father's death,</line>
                <line>And am most sensible in grief for it,</line>
                <line>It shall as level to your judgment pierce</line>
                <line>As day does to your eye.</line>
            </speech>
            <speech id="15" speaker="KING CLAUDIUS">
                <line>Laertes, I must commune with your grief,</line>
                <line>Or you deny me right. Go but apart,</line>
                <line>Make choice of whom your wisest friends you will.</line>
                <line>And they shall hear and judge 'twixt you and me:</line>
                <line>If by direct or by collateral hand</line>
                <line>They find us touch'd, we will our kingdom give,</line>
                <line>Our crown, our life, and all that we can ours,</line>
                <line>To you in satisfaction; but if not,</line>
                <line>Be you content to lend your patience to us,</line>
                <line>And we shall jointly labour with your soul</line>
                <line>To give it due content.</line>
            </speech>
            <speech id="16" speaker="KING CLAUDIUS">
                <line>So you shall;</line>
                <line>And where the offence is let the great axe fall.</line>
                <line>I pray you, go with me.</line>
            </speech>
        </scene>
        <scene title="SCENE VI.  Another room in the castle."/>
        <scene title="SCENE VII.  Another room in the castle.">
            <speech id="1" speaker="KING CLAUDIUS">
                <line>Now must your conscience my acquaintance seal,</line>
                <line>And you must put me in your heart for friend,</line>
                <line>Sith you have heard, and with a knowing ear,</line>
                <line>That he which hath your noble father slain</line>
                <line>Pursued my life.</line>
            </speech>
            <speech id="2" speaker="KING CLAUDIUS">
                <line>O, for two special reasons;</line>
                <line>Which may to you, perhaps, seem much unsinew'd,</line>
                <line>But yet to me they are strong. The queen his mother</line>
                <line>Lives almost by his looks; and for myself--</line>
                <line>My virtue or my plague, be it either which--</line>
                <line>She's so conjunctive to my life and soul,</line>
                <line>That, as the star moves not but in his sphere,</line>
                <line>I could not but by her. The other motive,</line>
                <line>Why to a public count I might not go,</line>
                <line>Is the great love the general gender bear him;</line>
                <line>Who, dipping all his faults in their affection,</line>
                <line>Would, like the spring that turneth wood to stone,</line>
                <line>Convert his gyves to graces; so that my arrows,</line>
                <line>Too slightly timber'd for so loud a wind,</line>
                <line>Would have reverted to my bow again,</line>
                <line>And not where I had aim'd them.</line>
            </speech>
            <speech id="3" speaker="KING CLAUDIUS">
                <line>Break not your sleeps for that: you must not think</line>
                <line>That we are made of stuff so flat and dull</line>
                <line>That we can let our beard be shook with danger</line>
                <line>And think it pastime. You shortly shall hear more:</line>
                <line>I loved your father, and we love ourself;</line>
                <line>And that, I hope, will teach you to imagine--</line>
                <line>How now! what news?</line>
            </speech>
            <speech id="4" speaker="KING CLAUDIUS">
                <line>From Hamlet! who brought them?</line>
            </speech>
            <speech id="5" speaker="KING CLAUDIUS">
                <line>Laertes, you shall hear them. Leave us.</line>
                <line>'High and mighty, You shall know I am set naked on</line>
                <line>your kingdom. To-morrow shall I beg leave to see</line>
                <line>your kingly eyes: when I shall, first asking your</line>
                <line>pardon thereunto, recount the occasion of my sudden</line>
                <line>and more strange return.                  'HAMLET.'</line>
                <line>What should this mean? Are all the rest come back?</line>
                <line>Or is it some abuse, and no such thing?</line>
            </speech>
            <speech id="6" speaker="KING CLAUDIUS">
                <line>'Tis Hamlets character. 'Naked!</line>
                <line>And in a postscript here, he says 'alone.'</line>
                <line>Can you advise me?</line>
            </speech>
            <speech id="7" speaker="KING CLAUDIUS">
                <line>If it be so, Laertes--</line>
                <line>As how should it be so? how otherwise?--</line>
                <line>Will you be ruled by me?</line>
            </speech>
            <speech id="8" speaker="KING CLAUDIUS">
                <line>To thine own peace. If he be now return'd,</line>
                <line>As checking at his voyage, and that he means</line>
                <line>No more to undertake it, I will work him</line>
                <line>To an exploit, now ripe in my device,</line>
                <line>Under the which he shall not choose but fall:</line>
                <line>And for his death no wind of blame shall breathe,</line>
                <line>But even his mother shall uncharge the practise</line>
                <line>And call it accident.</line>
            </speech>
            <speech id="9" speaker="KING CLAUDIUS">
                <line>It falls right.</line>
                <line>You have been talk'd of since your travel much,</line>
                <line>And that in Hamlet's hearing, for a quality</line>
                <line>Wherein, they say, you shine: your sum of parts</line>
                <line>Did not together pluck such envy from him</line>
                <line>As did that one, and that, in my regard,</line>
                <line>Of the unworthiest siege.</line>
            </speech>
            <speech id="10" speaker="KING CLAUDIUS">
                <line>A very riband in the cap of youth,</line>
                <line>Yet needful too; for youth no less becomes</line>
                <line>The light and careless livery that it wears</line>
                <line>Than settled age his sables and his weeds,</line>
                <line>Importing health and graveness. Two months since,</line>
                <line>Here was a gentleman of Normandy:--</line>
                <line>I've seen myself, and served against, the French,</line>
                <line>And they can well on horseback: but this gallant</line>
                <line>Had witchcraft in't; he grew unto his seat;</line>
                <line>And to such wondrous doing brought his horse,</line>
                <line>As he had been incorpsed and demi-natured</line>
                <line>With the brave beast: so far he topp'd my thought,</line>
                <line>That I, in forgery of shapes and tricks,</line>
                <line>Come short of what he did.</line>
            </speech>
            <speech id="11" speaker="KING CLAUDIUS">
                <line>A Norman.</line>
            </speech>
            <speech id="12" speaker="KING CLAUDIUS">
                <line>The very same.</line>
            </speech>
            <speech id="13" speaker="KING CLAUDIUS">
                <line>He made confession of you,</line>
                <line>And gave you such a masterly report</line>
                <line>For art and exercise in your defence</line>
                <line>And for your rapier most especially,</line>
                <line>That he cried out, 'twould be a sight indeed,</line>
                <line>If one could match you: the scrimers of their nation,</line>
                <line>He swore, had had neither motion, guard, nor eye,</line>
                <line>If you opposed them. Sir, this report of his</line>
                <line>Did Hamlet so envenom with his envy</line>
                <line>That he could nothing do but wish and beg</line>
                <line>Your sudden coming o'er, to play with him.</line>
                <line>Now, out of this,--</line>
            </speech>
            <speech id="14" speaker="KING CLAUDIUS">
                <line>Laertes, was your father dear to you?</line>
                <line>Or are you like the painting of a sorrow,</line>
                <line>A face without a heart?</line>
            </speech>
            <speech id="15" speaker="KING CLAUDIUS">
                <line>Not that I think you did not love your father;</line>
                <line>But that I know love is begun by time;</line>
                <line>And that I see, in passages of proof,</line>
                <line>Time qualifies the spark and fire of it.</line>
                <line>There lives within the very flame of love</line>
                <line>A kind of wick or snuff that will abate it;</line>
                <line>And nothing is at a like goodness still;</line>
                <line>For goodness, growing to a plurisy,</line>
                <line>Dies in his own too much: that we would do</line>
                <line>We should do when we would; for this 'would' changes</line>
                <line>And hath abatements and delays as many</line>
                <line>As there are tongues, are hands, are accidents;</line>
                <line>And then this 'should' is like a spendthrift sigh,</line>
                <line>That hurts by easing. But, to the quick o' the ulcer:--</line>
                <line>Hamlet comes back: what would you undertake,</line>
                <line>To show yourself your father's son in deed</line>
                <line>More than in words?</line>
            </speech>
            <speech id="16" speaker="KING CLAUDIUS">
                <line>No place, indeed, should murder sanctuarize;</line>
                <line>Revenge should have no bounds. But, good Laertes,</line>
                <line>Will you do this, keep close within your chamber.</line>
                <line>Hamlet return'd shall know you are come home:</line>
                <line>We'll put on those shall praise your excellence</line>
                <line>And set a double varnish on the fame</line>
                <line>The Frenchman gave you, bring you in fine together</line>
                <line>And wager on your heads: he, being remiss,</line>
                <line>Most generous and free from all contriving,</line>
                <line>Will not peruse the foils; so that, with ease,</line>
                <line>Or with a little shuffling, you may choose</line>
                <line>A sword unbated, and in a pass of practise</line>
                <line>Requite him for your father.</line>
            </speech>
            <speech id="17" speaker="KING CLAUDIUS">
                <line>Let's further think of this;</line>
                <line>Weigh what convenience both of time and means</line>
                <line>May fit us to our shape: if this should fail,</line>
                <line>And that our drift look through our bad performance,</line>
                <line>'Twere better not assay'd: therefore this project</line>
                <line>Should have a back or second, that might hold,</line>
                <line>If this should blast in proof. Soft! let me see:</line>
                <line>We'll make a solemn wager on your cunnings: I ha't.</line>
                <line>When in your motion you are hot and dry--</line>
                <line>As make your bouts more violent to that end--</line>
                <line>And that he calls for drink, I'll have prepared him</line>
                <line>A chalice for the nonce, whereon but sipping,</line>
                <line>If he by chance escape your venom'd stuck,</line>
                <line>Our purpose may hold there.</line>
                <line>How now, sweet queen!</line>
            </speech>
            <speech id="18" speaker="KING CLAUDIUS">
                <line>Let's follow, Gertrude:</line>
                <line>How much I had to do to calm his rage!</line>
                <line>Now fear I this will give it start again;</line>
                <line>Therefore let's follow.</line>
            </speech>
        </scene>
    </act>
    <act title="ACT V">
        <scene title="SCENE I.  A churchyard.">
            <speech id="1" speaker="KING CLAUDIUS">
                <line>Pluck them asunder.</line>
            </speech>
            <speech id="2" speaker="KING CLAUDIUS">
                <line>O, he is mad, Laertes.</line>
            </speech>
            <speech id="3" speaker="KING CLAUDIUS">
                <line>I pray you, good Horatio, wait upon him.</line>
                <line>Strengthen your patience in our last night's speech;</line>
                <line>We'll put the matter to the present push.</line>
                <line>Good Gertrude, set some watch over your son.</line>
                <line>This grave shall have a living monument:</line>
                <line>An hour of quiet shortly shall we see;</line>
                <line>Till then, in patience our proceeding be.</line>
            </speech>
        </scene>
        <scene title="SCENE II.  A hall in the castle.">
            <speech id="1" speaker="KING CLAUDIUS">
                <line>Come, Hamlet, come, and take this hand from me.</line>
            </speech>
            <speech id="2" speaker="KING CLAUDIUS">
                <line>Give them the foils, young Osric. Cousin Hamlet,</line>
                <line>You know the wager?</line>
            </speech>
            <speech id="3" speaker="KING CLAUDIUS">
                <line>I do not fear it; I have seen you both:</line>
                <line>But since he is better'd, we have therefore odds.</line>
            </speech>
            <speech id="4" speaker="KING CLAUDIUS">
                <line>Set me the stoops of wine upon that table.</line>
                <line>If Hamlet give the first or second hit,</line>
                <line>Or quit in answer of the third exchange,</line>
                <line>Let all the battlements their ordnance fire:</line>
                <line>The king shall drink to Hamlet's better breath;</line>
                <line>And in the cup an union shall he throw,</line>
                <line>Richer than that which four successive kings</line>
                <line>In Denmark's crown have worn. Give me the cups;</line>
                <line>And let the kettle to the trumpet speak,</line>
                <line>The trumpet to the cannoneer without,</line>
                <line>The cannons to the heavens, the heavens to earth,</line>
                <line>'Now the king dunks to Hamlet.' Come, begin:</line>
                <line>And you, the judges, bear a wary eye.</line>
            </speech>
            <speech id="5" speaker="KING CLAUDIUS">
                <line>Stay; give me drink. Hamlet, this pearl is thine;</line>
                <line>Here's to thy health.</line>
                <line>Give him the cup.</line>
            </speech>
            <speech id="6" speaker="KING CLAUDIUS">
                <line>Our son shall win.</line>
            </speech>
            <speech id="7" speaker="KING CLAUDIUS">
                <line>Gertrude, do not drink.</line>
            </speech>
            <speech id="8" speaker="KING CLAUDIUS">
                <line>Aside  It is the poison'd cup: it is too late.</line>
            </speech>
            <speech id="9" speaker="KING CLAUDIUS">
                <line>I do not think't.</line>
            </speech>
            <speech id="10" speaker="KING CLAUDIUS">
                <line>Part them; they are incensed.</line>
            </speech>
            <speech id="11" speaker="KING CLAUDIUS">
                <line>She swounds to see them bleed.</line>
            </speech>
            <speech id="12" speaker="KING CLAUDIUS">
                <line>O, yet defend me, friends; I am but hurt.</line>
            </speech>
        </scene>
    </act>
</Play>
